"city","station_name","supercarburant sans plomb","gasoil10_price","station_location"
"Casablanca","TACHAROUK 2","‎ 14.49 DH","‎ 14.05 DH","BV OQBA IBNO NAFIAA, TACHAROUK"
"Casablanca","ATTACHAROUK","‎ 14.8 DH","‎ 13.97 DH","ROUTE DE SBIT  SIDI MOUMEN"
"Casablanca","ISTIRAHA RAJIF","‎ 14.72 DH","‎ 13.89 DH","ANGLE BD ABDELKADER SAHRAOUI ET OQBA IBNOU NAFII MY RACHID"
"Casablanca","TACHAROUK 1","‎ 14.29 DH","‎ 13.62 DH","""AVENUE OKBA IBNOU NAFIA 
ET ABDELKADER SAHRAOUI  CASABLANCA                              """
"Casablanca","S/S IKHLASS","‎ 14.83 DH","‎ 13.96 DH","HAY MOULAY RACHID TRANCHE ""B"" BOULEVARD ABDELKADER SAHRAOUI"
"Casablanca","M'DAKRA","‎ 14.57 DH","‎ 13.97 DH","ROUTE DE BENSLIMANE"
"Casablanca","S/S OQBA","‎ 14.8 DH","‎ 13.96 DH","KM 6.700 BOULEVARD OQBA BEN NAFIA- SIDI MOUMEN"
"Casablanca","PETROFAN S/S SIDI MOUMEN ","‎ 14.83 DH","‎ 13.96 DH","ANGLE ROUTE CHABBOU ET BV HOUCINE ESSOUSI SIDI MOUMEN ARRONDISSEMENT SIDI BERNOUSSI "
"Casablanca","VILLE NOUVELLE ","‎ 14.8 DH","‎ 13.97 DH","AVENUE C HAY MY RACHID-, CASABLANCA"
"Casablanca","S/S AL WIFAK","‎ 14.9 DH","‎ 13.96 DH","SALAMA III, BEN MSIK SIDI OHTMANE"
"Casablanca","PETROFAN S/S ATTACHAROUK","‎ 14.83 DH","‎ 13.96 DH","HAY MOULAY RACHID - CASABLANCA"
"Casablanca","AIN SEBAA 2","‎ 14.29 DH","‎ 13.57 DH","LOTISSEMENT LAHBAYB N° 1 COMMUNE AIN SEBAÂ"
"Casablanca","GRANDE CEINTURE","‎ 14.98 DH","‎ 14.09 DH","ANGLE BOULEBARD DE LA GRANDE CEINTURE, AIN SEBAA"
"Casablanca","GRANDE CEINTURE I","‎ 14.29 DH","‎ 13.62 DH","BOULEVARD GRANDE CEINTURE"
"Casablanca","PETROM ATTACHAROUK","‎ 16.83 DH","‎ 15.71 DH","BD OQBA BNOU NAFII CASABLANCA"
"Casablanca","GRANDE CEINTURE II","‎ 14.29 DH","‎ 13.98 DH","120, BOULEVARD DE LA GRANDE CEINTURE AIN SBAA"
"Casablanca","M DAKRA","‎ 14.8 DH","‎ 13.97 DH","RUE OKBA BEN NAFI, CASABLANCA 05"
"Casablanca","AIN SEBAA 1","‎ 14.24 DH","‎ 13.54 DH","COMMUNE AIN SEBAÂ CASABLANCA"
"Casablanca","ISTIRAHA EL AMANE","‎ 14.72 DH","‎ 13.89 DH","BD OKBA BNOU NAFIR HAY ADIL CASABLANCA"
"Casablanca","MARCHE DE GROS","‎ 14.39 DH","‎ 13.66 DH","ANGLE 10 MARS ET ABDELKADER ESSAHRAOUI"
"Casablanca","WINXO ROUTE DE BENSLIMANE","‎ 14.78 DH","‎ 13.89 DH","ROUTE BENSLIMANE ,ANGLE BD LA GRANDE CEINTURE & BD OKBA IBNO NAFIA"
"Casablanca","LIBERTE","‎ 14.8 DH","‎ 13.97 DH","BOULEVARD GRANDE CEINTURE"
"Casablanca","SIDI MOUMEN","‎ 14.8 DH","‎ 13.97 DH","ANGLE BOULEVARDS GRANDE CEINTURE ET OKBA BNOU NAFII"
"Casablanca","S/S SORAA","‎ 14.83 DH","‎ 13.97 DH","KM 10 RTE RABAT AIN SEBAA-, CASABLANCA"
"Casablanca","2000 SIDI OTHMANE SS","‎ 14.73 DH","‎ 13.88 DH","BOULEVARD GRAND CENTURE -AIN SEBAA "
"Casablanca","ZOO","‎ 14.8 DH","‎ 13.97 DH","KM 9 ROUTE DE RABAT, CASABLANCA"
"Casablanca","ZOO SS","‎ 14.57 DH","‎ 14.85 DH","ROUTE DE CASA, SIDI BERNOUSSI"
"Casablanca","TARIK ESSALAMA","‎ 14.8 DH","‎ 13.97 DH","KM 7 ROUTE DE RABAT AIN SEB—A -, CASABLANCA"
"Casablanca","GRANDE ROUTE (AL AMAL)","‎ 14.8 DH","‎ 13.97 DH","ROUTE DE RABAT AIN SBAA PRES DE ONTS, CASABLANCA"
"Casablanca","ANASSI","‎ 14.29 DH","‎ 13.62 DH","QUARTIER ANASSI SIDI BERNOUSSI"
"Casablanca","KODIATE","‎ 14.8 DH","‎ 13.97 DH","BLOC KODIAT IM. B HAY MOHAMMEDI, CASABLANCA"
"Casablanca","WINXO AIN SEBAA","‎ 14.8 DH","‎ 13.89 DH","BD MOULAY ISMAIL"
"Casablanca","ROUTE DE RABAT","‎ 14.8 DH","‎ 13.97 DH","ROUTE DE RABAT - BOULEVARD MOULAY ISMAIL - AIN SEBAA"
"Casablanca","ETTAJ","‎ 14.8 DH","‎ 13.99 DH","RUE MARINIE"
"Casablanca","STATION SIDI OTHMANE","‎ 14.8 DH","‎ 13.95 DH","BD BOUMAAMRANI HAY ACHABAB -AIN SEBAA"
"Casablanca","JONQUILLE","‎ 14.8 DH","‎ 13.97 DH","RUE IBN ADARA EL MOURAKCHI, CASABLANCA"
"Casablanca","WINXO AIN BORJA","‎ 14.78 DH","‎ 13.89 DH","BD IBN TACHFINE"
"Casablanca","MY CHERIF","‎ 14.8 DH","‎ 13.97 DH","PLACE HEINTZ -DERB MLY CHERIF  - HAY MOH, CASABLANCA"
"Casablanca","S/S AHL LOUGHLAM","‎ 14.83 DH","‎ 13.96 DH","BOULEVARD AHL LOUGHLAM , LOTISSEMENT ALAMIA -COMMUNE SIDI MOUMEN  "
"Casablanca","OULED ZIANE","‎ 14.8 DH","‎ 13.97 DH","260, BOULEVARD IBN TACHFINE"
"Casablanca","OULED ZIANE","‎ 14.8 DH","‎ 13.97 DH","194, ROUTE OULED ZIANE -, CASABLANCA"
"Casablanca","OULED ZIANE","‎ 14.8 DH","‎ 13.97 DH","260, BOULEVARD IBN TACHFINE"
"Casablanca","OULED ZIANE","‎ 14.8 DH","‎ 13.97 DH","194, ROUTE OULED ZIANE -, CASABLANCA"
"Casablanca","STATION AFRIQUIA AIN SEBAA (ROUTE DE RABAT)","‎ 14.29 DH","‎ 13.62 DH","KM 7 ROUTE DE RABAT ARRONDISSEMENT AIN SEBAA"
"Casablanca","BERNOUSSI","‎ 14.8 DH","‎ 13.97 DH","KM 9,400, CASABLANCA"
"Casablanca","STATION PETROM SALMIA","‎ 14.75 DH","‎ 13.9 DH","AVENUE AL JOULANE SALMIA"
"Casablanca","S/BS GESTTION GHOFRAN","‎ 14.83 DH","‎ 13.96 DH","DOUAR OULED MELLOUK ,COMMUNE LAHRAWIYINE"
"Casablanca","ZI AIN SEBAA","‎ 14.8 DH","‎ 13.97 DH","BOULEVARD HAOUZA, Q.I OUKACHA, AIN SEBAA"
"Casablanca","BEN MSIK","‎ 14.8 DH","‎ 13.97 DH","BD GRANDE CEINTURE, CASABLANCA"
"Casablanca","CITEE DJEMAA","‎ 14.87 DH","‎ 14.07 DH","BOULEVARD IDRISS EL HARTI CITÉ JEMAA"
"Casablanca","WINXO CHORFA","‎ 14.82 DH","‎ 13.95 DH","BEN M'SIK DERB MILAN"
"Casablanca","WINXO TIT MELLIL","‎ 14.75 DH","‎ 13.9 DH","CENTRE TIT MELLIL"
"Casablanca","S/S CHEMSS AL MADINA","‎ 14.83 DH","‎ 13.96 DH","COMMUNE CHELLALATE – PROVINE DE MOHAMMEDIA "
"Casablanca","EL FARAH","‎ 14.82 DH","‎ 13.95 DH","BOULEVARD GRANDE CEINTURE"
"Casablanca","S/S JAMILA","‎ 14.83 DH","‎ 13.96 DH","208, BOULEVARD SAKIA EL HAMRA-  JAMILA II - SIDI OUTMANE "
"Casablanca","AIN BORJA","‎ 14.8 DH","‎ 13.97 DH","192, BD MY ISMAIL, CASABLANCA"
"Casablanca","FAGES","‎ 14.8 DH","‎ 13.97 DH","172, BD IBN TACHFINE-, CASABLANCA"
"Casablanca","STATION MOULAY SLIMANE","‎ 14.39 DH","‎ 13.79 DH","ROUTE MOULAY SLIMANE"
"Casablanca","WINXO LA VILLETTE","‎ 14.8 DH","‎ 13.95 DH","RUE DE LA VILLETTE"
"Casablanca","ZENATA","‎ 10.83 DH","‎ 14.1 DH","ANGLE BOULEVARD DE LA PLAGE ET ROUTE DE ZENATA"
"Casablanca","ZENATA","‎ 10.83 DH","‎ 13.97 DH","ROUTE COTIÈRE CASA/MOHAMMADIA /AIN SEBEA, ZENATA"
"Casablanca","ZENATA","‎ 10.83 DH","‎ 13.62 DH"," ENTRÉE VERS MOHAMMEDIA ZENATA"
"Casablanca","ZENATA","‎ 14.8 DH","‎ 14.1 DH","ANGLE BOULEVARD DE LA PLAGE ET ROUTE DE ZENATA"
"Casablanca","ZENATA","‎ 14.8 DH","‎ 13.97 DH","ROUTE COTIÈRE CASA/MOHAMMADIA /AIN SEBEA, ZENATA"
"Casablanca","ZENATA","‎ 14.8 DH","‎ 13.62 DH"," ENTRÉE VERS MOHAMMEDIA ZENATA"
"Casablanca","ZENATA","‎ 14.29 DH","‎ 14.1 DH","ANGLE BOULEVARD DE LA PLAGE ET ROUTE DE ZENATA"
"Casablanca","ZENATA","‎ 14.29 DH","‎ 13.97 DH","ROUTE COTIÈRE CASA/MOHAMMADIA /AIN SEBEA, ZENATA"
"Casablanca","ZENATA","‎ 14.29 DH","‎ 13.62 DH"," ENTRÉE VERS MOHAMMEDIA ZENATA"
"Casablanca","AL AZHAR","‎ 14.29 DH","‎ 13.62 DH","BOULEVARD MBAREK BEN BOUBKER HAMMADI SIDI MOUMEN BERNNOUSSI  "
"Casablanca","AERODROME","‎ 14.8 DH","‎ 13.97 DH","PROVINCE DE SIDI BERNOUSSI, RTE DE BERRECHID"
"Casablanca","INDUSTRIE SS","‎ 14.71 DH","‎ 14.84 DH","159, BD MOULAY ISMAIL"
"Casablanca","S/S AHL LOGHLAM","‎ 14.83 DH","‎ 13.96 DH","ROUTE DES ZENATAS ARRONDISSMENT DE AIN SEBAA"
"Casablanca","EL BERNOUSSI","‎ 14.29 DH","‎ 13.62 DH","ROUTE DE RABAT N°1 SIDI BERNOUSSI CASABLANCA"
"Casablanca","FETH","‎ 14.8 DH","‎ 13.97 DH","ANGLE  BD ABDELMOUMEN/RUE BNOUKHALIQUANE, CASABLANCA"
"Casablanca","2001 CASA SS","‎ 14.46 DH","‎ 13.96 DH","ROUTE PRINCIPALE N°1 AVENUE '' C'' SIDI BERNOUSSI "
"Casablanca","S/S  KARAM","‎ 14.83 DH","‎ 14.59 DH","BD MOULAY SLIMAN"
"Casablanca","TELEVISION SS","‎ 14.55 DH","‎ 13.88 DH","KM 6,7  ROUTE DE MARRAKECH"
"Casablanca","TELEVISION","‎ 14.8 DH","‎ 13.97 DH","BD MOHAMED VI -, CASABLANCA"
"Casablanca","NASSIB","‎ 14.8 DH","‎ 13.97 DH","ANGLE RUE PLANQUETTE ET BD BA HMAD, CASABLANCA"
"Casablanca","ZI TIT MELLIL","‎ 14.85 DH","‎ 13.97 DH","ZI TIT MELLIL, TITT MELLILEN"
"Casablanca","DERB SULTAN","‎ 14.29 DH","‎ 13.62 DH","ROUTE MEDIOUNA  DERB SULTAN"
"Casablanca","STATION IBN TACHFINE","‎ 14.29 DH","‎ 13.62 DH","RUE SERGENT HITLAIRE QUARTIER AIN BORJA ROCHES NOIRES"
"Casablanca","JET STATION SERVICE","‎ 14.62 DH","‎ 14.63 DH","BD CHEFCHAOUNI, SIDI BERNOUSSI"
"Casablanca","SPORT","‎ 14.8 DH","‎ 13.97 DH","294, ROUTE DES OULAD ZIANE HAY MANJRA -, CASABLANCA"
"Casablanca","WINXO MAROC CARBURANT","‎ 14.79 DH","‎ 13.95 DH","KM 5 RTE MEDIOUNA"
"Casablanca","WINXO MOULAY ISMAIL","‎ 14.83 DH","‎ 13.92 DH","BD MOULAY ISMAIL"
"Casablanca","OULED HRIZ","‎ 14.8 DH","‎ 13.97 DH","886, BD MOHAMED VI, CASABLANCA"
"Casablanca","OULED HRIZ","‎ 14.3 DH","‎ 13.97 DH","886, BD MOHAMED VI, CASABLANCA"
"Casablanca","GARAGE DU PHARE","‎ 14.8 DH","‎ 13.97 DH","82, AVENUE AMBASSADEUR BEN ACHA, CASABLANCA"
"Casablanca","BOULHAUT SS","‎ 14.57 DH","‎ 14.86 DH","BD IBN TACHFIN ET RUE D'IFNI"
"Casablanca","ROCHES NOIRES","‎ 14.8 DH","‎ 13.97 DH","AVENUE AMBASSADEUR BEN AICHA"
"Casablanca","AL FIDA","‎ 14.29 DH","‎ 13.62 DH","BOULEVARD MOHAMED V"
"Casablanca","ROND POINT AICHA EMILE ZOLA CASA","‎ 14.29 DH","‎ 13.62 DH","382 BD EMILE ZOLA CASABLANCA"
"Casablanca","SOKHOUR","‎ 14.8 DH","‎ 13.97 DH","100, AVENUE AMBASSADEUR BEN AICHA, CASABLANCA"
"Casablanca","STATION TIT MELLIL","‎ 14.8 DH","‎ 13.95 DH","43 AVENUE D SIDI OTHMANE TIT MELLIL"
"Casablanca","YAKOUT LAKSSIBA","‎ 14.29 DH","‎ 13.62 DH","ROUTE DE MEDIOUNA CASALANCA"
"Casablanca","FELLAH","‎ 14.8 DH","‎ 13.97 DH","125,RUE DES SOISSONS -, CASABLANCA"
"Casablanca","MARCHE DE GROS SS","‎ 14.57 DH","‎ 14.69 DH","AV ABDELLAH BEN YASSINE"
"Casablanca","KOREA SS","‎ 14.29 DH","‎ 13.88 DH","84, PLACE SRAGHNA"
"Casablanca","WINXO BLAYE","‎ 14.78 DH","‎ 13.89 DH","RUE BLAYE ET BD OULED ZIANE"
"Casablanca","SLIMANE","‎ 14.8 DH","‎ 13.97 DH","68, BD IBN TACHFINE, CASABLANCA"
"Casablanca","STATION PETROM ORILIS","‎ 14.78 DH","‎ 13.98 DH","SIDI EL BERNOUSSI , ANGLE R 322 ET BOUELVARD EL BINA "
"Casablanca","WINXO BUZANCY","‎ 14.78 DH","‎ 13.89 DH","ANGLE BD PASTEUR ET RUE BUZANCY"
"Casablanca","ALBERT 1ER","‎ 14.8 DH","‎ 13.97 DH","BOULEVARD MOHAMMED V, CASABLANCA"
"Casablanca","MAMOUNIA","‎ 14.87 DH","‎ 14.02 DH","PLACE HMIDOU OUATANI"
"Casablanca","S/S SENATOR IMMOBILIER","‎ 14.83 DH","‎ 13.97 DH","296,BOULEVARD EL FIDA, CASABLANCA"
"Casablanca","AL AMAL","‎ 14.89 DH","‎ 13.96 DH","SM76 OPERATION AL BADR SIDI MOUMEN CASABLANCA"
"Casablanca","ISTIRAHA LA GIRONDE","‎ 14.83 DH","‎ 13.89 DH","MUNICIPALITÉ TIT MELLIL PROVINCE DE MEDIOUNA ROUTE N°9"
"Casablanca","ESSALAM","‎ 14.72 DH","‎ 13.97 DH","ANGLE RUE CAPITAINE PUISSESSEAU  BD LA GIRONDE "
"Casablanca","ASRIA","‎ 14.8 DH","‎ 13.97 DH","128, BD MOHAMED VI, CASABLANCA"
"Casablanca","BIADA  CASABLANCA","‎ 14.29 DH","‎ 13.62 DH","BD MOHAMED VI RUE OMAR EL IDRISSI"
"Casablanca","LYON SS","‎ 14.79 DH","‎ 14.97 DH","1, RUE BACHIR AL IBRAHIMI"
"Casablanca","PASTEUR","‎ 14.8 DH","‎ 13.97 DH","AVENUE PASTEUR, CASABLANCA"
"Casablanca","TIHAD","‎ 14.8 DH","‎ 13.97 DH","82, BD MOHAMED VI-, CASABLANCA"
"Casablanca","MIRABEAU","‎ 14.8 DH","‎ 13.97 DH","AVENUE PASTEUR, CASABLANCA"
"Casablanca","CENTRE CASA SS","‎ 14.79 DH","‎ 14.97 DH","PLACE DAKAR"
"Casablanca","STATION ZIZ OULED HADDOU","‎ 14.79 DH","‎ 13.89 DH","302, BD MOHAMED V"
"Casablanca","STATION PETROM 2 MARS","‎ 14.82 DH","‎ 13.99 DH","BD PANORAMIQUE ET BD 2 MARS"
"Casablanca","AIN MAAZI","‎ 14.8 DH","‎ 13.97 DH","28, BOULEVARD LA RESISTANCE"
"Casablanca","EL FIDA","‎ 14.8 DH","‎ 13.97 DH","ANGLE AVENUE 2 MARS EL FIDA, CASABLANCA"
"Casablanca","02-MARS","‎ 14.8 DH","‎ 13.97 DH","AVENUE 2 MARS -, CASABLANCA"
"Casablanca","WINXO BD MLY DRISS","‎ 14.8 DH","‎ 13.99 DH","ANG AV MY IDRISS 1ER "
"Casablanca","AL MADINA","‎ 14.85 DH","‎ 13.99 DH","ANGLE BOULEVARD MY DRISS 1ER ET RUE ABDESLAM EL KHATTABI"
"Casablanca","LA RESISTANCE","‎ 14.29 DH","‎ 13.67 DH","BOULEVARD 2 MARS HAY INARA AIN CHOK"
"Casablanca","WINXO AVENUE 2 MARS","‎ 14.78 DH","‎ 13.89 DH","ANGLES AVENUE , 2 MARS ET RUE LAMARTINE"
"Casablanca","WINXO LES ALLIES","‎ 14.78 DH","‎ 13.89 DH","PLACE DE LA VICTOIRE"
"Casablanca","STATION JAWHARA","‎ 14.29 DH","‎ 13.63 DH","QUARTIER DERB OMAR RESIDENCE JAWHARA"
"Casablanca","HERMITAGE","‎ 14.8 DH","‎ 13.67 DH","BOULEVARD PANORAMIQUE ET BOULEVARD NADOR L'HERMITAGE CASABLANCA"
"Casablanca","RIAD","‎ 14.34 DH","‎ 13.97 DH","AVENUE 2 MARS, CASABLANCA"
"Casablanca","PETROFAM S/S PANORAMIQUE","‎ 14.8 DH","‎ 13.96 DH","ANGLE BD PANORAMIQUE  & BD OULED HADDOU ARRONDISSEMENT AIN CHOCK CASABLANCA"
"Casablanca","STATION ZIZ 2 MARS","‎ 14.83 DH","‎ 13.89 DH","STATION ZIZ, AVENUE 2 MARS CASABLANCA"
"Casablanca","SIDI HAJAJ","‎ 16.74 DH","‎ 14.55 DH","RP 3024 DOUAR OULED BOUAZIZ COMMUNE RURALE SIDI HAJJAJ OUED HASSAR   PROVINCE MEDIOUNA"
"Casablanca","LYCEE SS","‎ 14.49 DH","‎ 14.61 DH","ANGLE AV 2 MARS ET TARIK IBNOU ZIAD"
"Casablanca","WINXO VESALE","‎ 14.8 DH","‎ 13.93 DH","RUE VESALE ET 2 MARS"
"Casablanca","PETROFAN S/S ZOUBEIR","‎ 14.83 DH","‎ 13.96 DH","BOULEVARD MODI BOKITA"
"Casablanca","EL MANZAH SS","‎ 14.71 DH","‎ 14.87 DH","PK 8,35  COMMUNE RURAL EL MAJJATIA"
"Casablanca","AIN HARROUDA","‎ 14.8 DH","‎ 13.97 DH","ROUTE DE CASA   -, MOHAMMEDIA"
"Casablanca","AIN HARROUDA","‎ 14.8 DH","‎ 13.62 DH","RN 1 MUNICIPALITÉ DE AIN HARROUDA PRÉFECTURE DE MOHAMMEDIA    "
"Casablanca","AIN HARROUDA","‎ 14.8 DH","‎ 13.95 DH","CENTRE AIN HARROUDA"
"Casablanca","AIN HARROUDA","‎ 14.29 DH","‎ 13.97 DH","ROUTE DE CASA   -, MOHAMMEDIA"
"Casablanca","AIN HARROUDA","‎ 14.29 DH","‎ 13.62 DH","RN 1 MUNICIPALITÉ DE AIN HARROUDA PRÉFECTURE DE MOHAMMEDIA    "
"Casablanca","AIN HARROUDA","‎ 14.29 DH","‎ 13.95 DH","CENTRE AIN HARROUDA"
"Casablanca","AIN HARROUDA","‎ 14.8 DH","‎ 13.97 DH","ROUTE DE CASA   -, MOHAMMEDIA"
"Casablanca","AIN HARROUDA","‎ 14.8 DH","‎ 13.62 DH","RN 1 MUNICIPALITÉ DE AIN HARROUDA PRÉFECTURE DE MOHAMMEDIA    "
"Casablanca","AIN HARROUDA","‎ 14.8 DH","‎ 13.95 DH","CENTRE AIN HARROUDA"
"Casablanca","WINXO HASSAN II CASA","‎ 14.8 DH","‎ 13.93 DH","RP HASSANE 2 CASA"
"Casablanca","WIDAD","‎ 14.8 DH","‎ 13.97 DH","ANGLE BD ABDELMOUMEN, CASABLANCA"
"Casablanca","PETROFAN S/S BACHKOU","‎ 14.83 DH","‎ 13.96 DH","BD EL HACHIMI FILALI-QUARTIER LES CRÊTES POLO-CASABLANCA "
"Casablanca","ABDELMOUMEN","‎ 14.8 DH","‎ 13.97 DH","212, BOULEVARD ABDELMOUMEN"
"Casablanca","ABDELMOUMEN I","‎ 14.8 DH","‎ 13.62 DH","355 BOULEVARD ABDELMOUMEN CASABLANCA"
"Casablanca","PETROFAN S/S CALIFORNIE","‎ 14.29 DH","‎ 13.96 DH","ANGLE BOULEVARD PANORAMIQUE & ROUTE TADDART AIN CHOCK"
"Casablanca","ABDELMOUMEN II","‎ 14.29 DH","‎ 13.62 DH","ANGLE RUE LAMENAI ET BOULEVARD ABDELMOUMEN CASABLANCA"
"Casablanca","ISTIRAHA CHAOUIA","‎ 14.72 DH","‎ 13.89 DH","ANGLE BD ROUDANI ET ZERKTOUNI"
"Casablanca","PALMIERS","‎ 14.89 DH","‎ 13.99 DH","QUARTIER PALMIER - ANGLE RUE 9 AVRIL ET RUE MOHAMED BAHI"
"Casablanca","EL GHOUROUB","‎ 14.99 DH","‎ 13.98 DH","61, BOULEVARD BORDEAUX"
"Casablanca","STATION ZIZ GAMA GHANDI","‎ 14.79 DH","‎ 13.89 DH","AVENUE EL MASSIRA"
"Casablanca","PETROFAN S/S SIDI MESSAOUD","‎ 14.83 DH","‎ 13.89 DH","STATION ZIZ, BD GHANDI CASABLANCA"
"Casablanca","MLY YOUSSEF , ZIRAOUI  CASA","‎ 14.29 DH","‎ 13.96 DH","COMMUNE BOUSKOURA-PROVINCE NOUACEUR"
"Casablanca","PETROFAN S/S GHANDI","‎ 14.83 DH","‎ 13.96 DH","ANGLE MLY YOUSSEF ET ZIRAOUI CASA"
"Casablanca","PISCINE","‎ 14.8 DH","‎ 13.97 DH","BOULEVARD GHANDI- CASABLANCA"
"Casablanca","WINXO BORDEAUX","‎ 14.27 DH","‎ 13.89 DH","BD BORDEAUX"
"Casablanca","H&K S/S TADDART","‎ 14.78 DH","‎ 13.96 DH","BOULEVARD HACHIMI FILALI PISTE TADDART CALIFORNIE CASABLANCA"
"Casablanca","WINXO DANTON","‎ 14.78 DH","‎ 13.89 DH","BD BIR ANZARANE"
"Casablanca","S/S AIN HARROUDA","‎ 14.81 DH","‎ 13.94 DH","COMMUNE AIN HARROUDA"
"Casablanca","EL MANAR","‎ 14.8 DH","‎ 13.97 DH","ANGLE BOULEVARD BRAHIM ERROUDANI ET YAACOUB EL MANSOUR, CASABLANCA"
"Casablanca","GHANDI","‎ 14.8 DH","‎ 13.97 DH","ANGLE BOULEVARD GHANDI ET RUE CLEMENT"
"Casablanca","RACINE","‎ 14.88 DH","‎ 13.99 DH","ANGLE BOULEVARD ANFA - BOULEVARD ZERKTOUNI"
"Casablanca","RELAIS AL BAIDA","‎ 14.8 DH","‎ 13.97 DH","275,BD MOULAY YOUSSEF -, CASABLANCA"
"Casablanca","CASABLANCA","‎ 14.39 DH","‎ 14.02 DH","CASABLANCA VERS RABAT, PK 24"
"Casablanca","ALMA","‎ 14.85 DH","‎ 13.99 DH","AUTOROUTE DE CONTOURNEMENT DE CASABLANCA DOUAR LAMZABIINE BOUSKOURA"
"Casablanca","ISTIRAHA BEAULIEU","‎ 14.72 DH","‎ 13.89 DH","BD.GHANDI-RIVERA CASABLANCA"
"Casablanca","CHELLALATE","‎ 14.8 DH","‎ 13.97 DH","COMMUNE CHELLALATE, RTE N 9, MOHAMMEDIA"
"Casablanca","ROUTE DU SUD","‎ 14.8 DH","‎ 13.97 DH","BOULEVARD BRAHIM ROUDANI VERS ROUTE D'EL JADIDA"
"Casablanca","AL MASSIRA","‎ 14.89 DH","‎ 13.99 DH","87, BOULEVARD AL MASSIRA AL KHADRA"
"Casablanca","VILLE VERTE","‎ 14.9 DH","‎ 13.99 DH","VILLE VERTE BOSKOURA "
"Casablanca","SAUVAGE","‎ 14.8 DH","‎ 13.97 DH","ANGLE RUE AISHAK / JOUFROY, CASABLANCA"
"Casablanca","PETRO VEGAS","‎ 14.69 DH","‎ 13.84 DH","AIN HARROUDA CENTRE"
"Casablanca","GARAGE HENRY","‎ 14.8 DH","‎ 13.97 DH","435, BD ZERKTOUNI, CASABLANCA"
"Casablanca","OASIS","‎ 14.8 DH","‎ 13.97 DH","ROUTE D'EL JADIDA, CASABLANCA"
"Casablanca","OASIS","‎ 14.8 DH","‎ 13.62 DH","ROUTE EL JADIDA OASIS"
"Casablanca","OASIS","‎ 14.29 DH","‎ 13.97 DH","ROUTE D'EL JADIDA, CASABLANCA"
"Casablanca","OASIS","‎ 14.29 DH","‎ 13.62 DH","ROUTE EL JADIDA OASIS"
"Casablanca","RIVIERA","‎ 14.8 DH","‎ 13.97 DH","ANGLE RUE OMAR KHYAM ET ROUTE D'EL JADIDA"
"Casablanca","BARAKA","‎ 14.8 DH","‎ 13.97 DH","NOUVELLE ROUTE D'EL JADIDA, CASABLANCA"
"Casablanca","STADES","‎ 14.8 DH","‎ 13.97 DH","ROUTE D'EL JADIDA, CASABLANCA"
"Casablanca","STATION PETROM S.D'HONNEUR","‎ 14.7 DH","‎ 13.89 DH","RTE D'EL JADIDA"
"Casablanca","DOUMER","‎ 14.8 DH","‎ 13.97 DH","ANGLE BD IBN SINA ET BD ROUTE D'AZEMMOUR, CASABLANCA"
"Casablanca","VELODROME","‎ 14.88 DH","‎ 13.99 DH","BOULEVARD MY RACHID"
"Casablanca","SIDI MAAROUF 2","‎ 14.24 DH","‎ 13.57 DH","9 CENTRE COMMERCIAL BOUSKOURA SIDI MAÂROUF CASABLANCA"
"Casablanca","SPORTS CASA SS","‎ 14.46 DH","‎ 14.59 DH","12 BOULEVARD IBN SINA"
"Casablanca","MEDMA GESTION S/S FLORIDA","‎ 14.83 DH","‎ 13.96 DH","LOT FLORIDA-SIDI MAAROUF-CASABLANCA"
"Casablanca","SIDI MESSAOUD","‎ 10.91 DH","‎ 9.57 DH","RS 109 PK 10+000 SIDI MESSAOUD CASABLANCA"
"Casablanca","WINXO GHANDI","‎ 14.79 DH","‎ 13.92 DH","ANG. BD GHANDI ET IBN SINA"
"Casablanca","WINXO HIPPODROME","‎ 14.8 DH","‎ 13.95 DH","ANGLE AV. MY RACHID ET D'HIERS"
"Casablanca","ISTIRAHA BOUSKOURA 1","‎ 14.8 DH","‎ 13.89 DH","ROUTE NATIONALE 11"
"Casablanca","SIDI MESSOUD BOUSKOURA","‎ 14.1 DH","‎ 9.67 DH","RN 9 PK 24 COMMUNE EL MAJJATEA OULED TALEB"
"Casablanca","EXIT CASABLANCA","‎ 14.8 DH","‎ 13.97 DH","SORTIE VERS NOUACER, CASABLANCA"
"Casablanca","BOUSKOURA 1","‎ 14.29 DH","‎ 13.62 DH","SORTIE DE CASABLANCA, ROUTE DE MARRAKECH"
"Casablanca","AL MENZAH ","‎ 14.8 DH","‎ 13.97 DH","BD ROOSVELT/RAMPE D'ANFA, CASABLANCA"
"Casablanca","S/S LHBIB OUED HASSAR","‎ 14.83 DH","‎ 13.96 DH","COMMUNE RURALE SIDI HAJJAJ OUED HASSAR"
"Casablanca","HASSANIA","‎ 14.87 DH","‎ 13.97 DH","BD DE LA GRANDE CEINTURE, CASABLANCA"
"Casablanca","ALLAYMOUN","‎ 14.8 DH","‎ 13.62 DH","LOTISSEMENT MEHDI ROUTE EL JADIDA LISSASFA"
"Casablanca","SIDI MAAROUF","‎ 14.29 DH","‎ 13.99 DH","KM 7 CENTRE QUARTIER SIDI MAAROUF, ROUTE DE BOUSKOURA"
"Casablanca","SIDI MAAROUF","‎ 14.29 DH","‎ 13.95 DH","LISSASFA ROUTE D'EL JADIDA"
"Casablanca","SIDI MAAROUF","‎ 14.77 DH","‎ 13.99 DH","KM 7 CENTRE QUARTIER SIDI MAAROUF, ROUTE DE BOUSKOURA"
"Casablanca","SIDI MAAROUF","‎ 14.77 DH","‎ 13.95 DH","LISSASFA ROUTE D'EL JADIDA"
"Casablanca"," ZARHANE","‎ 14.44 DH","‎ 13.97 DH","ROUTE NATIONALE N°9, CARREFOUR MEDIOUNA / CASABLANCA / TIT MELLIL"
"Casablanca","ROUTE AZEMOUR","‎ 14.29 DH","‎ 14.18 DH","COMMUNE RURALE SIDI MOUSSA BEN ALI, PROVINCE MOHAMMEDIA"
"Casablanca","JADI","‎ 14.8 DH","‎ 13.62 DH","ANGLE BOULEVARD ABI RAKRAK ET IBNOU HAITAM QUARTIER HAY HASSANI"
"Casablanca","S/S  REST SPACE","‎ 14.81 DH","‎ 13.96 DH","COMMUNE URBAINE DE BOUSKOURA –PROVINCE DE NOUACEUR"
"Casablanca","NASSIM","‎ 14.8 DH","‎ 13.97 DH","QUARTIER INDUSTRIEL LISSASFA VERS AUTOUROUTE D'ELJADIDA"
"Casablanca","HAY HASSANI ","‎ 14.29 DH","‎ 13.62 DH","ANGLE BOULEVARD ABI RAKRAK ET IBNOU HAITAM QUARTIER HAY HASSANI CASABLANCA"
"Casablanca","MAHATAT ANNOR","‎ 14.81 DH","‎ 13.94 DH","RT N°1 COMMUNE CHALLALATE-MOHAMMEDIA"
"Casablanca","S/S LA NOUVELLE VILLE DE ZENATA","‎ 14.81 DH","‎ 13.94 DH","COMMUNE AIN HARROUDA,LOTISSEMENT ZS2 - MOHAMMEDIA"
"Casablanca","ISTIRAHA PALOMA","‎ 14.71 DH","‎ 13.88 DH","ROUTE COTIERE CASA MOHAMMEDIA AIN HARROUDA"
"Casablanca","OUM ERRABII","‎ 14.9 DH","‎ 13.99 DH","BOULEVARD OUM ERRABII - QUARTIER OULFA"
"Casablanca","NOUZA","‎ 14.68 DH","‎ 13.88 DH","QUARTIER INDUSTRIEL , MUNICIPALITÉ DE MEDIOUNA"
"Casablanca","PETROFAN S/S HAY HASSANI","‎ 14.83 DH","‎ 13.96 DH","ANGLE BD BOUTALEB ET RUE 8 -ANFA-CASABLANCA"
"Casablanca","S/S IKHLASS II","‎ 14.83 DH","‎ 13.62 DH","KM 9 ROUTE DE CASABLANCA VERS EL JADIDA LISSASFA"
"Casablanca","FABIDIS S/S AL OMRAN","‎ 14.81 DH","‎ 13.96 DH","DIYAR EL MENZEH -LYSSASFA"
"Casablanca","OULFA","‎ 14.73 DH","‎ 13.88 DH","LOT Z.I.SUD-OUEST PHASE 2 N° 57 -MOHAMMEDIA"
"Casablanca","SIDI MOUSSA","‎ 14.3 DH","‎ 13.96 DH","RP 106 PK 25+000 SIDI MOUSSA BEN ALI"
"Casablanca","WINXO OULFA","‎ 14.79 DH","‎ 13.95 DH","AVENUE SID AL KHADIR OULFA"
"Casablanca","OUED MELLAH","‎ 14.78 DH","‎ 13.95 DH","ROUTE COTIÈRE CASA MOHAMMEDIA"
"Casablanca","S/S AL ARSA AIRE  DE SERVICE","‎ 14.83 DH","‎ 13.96 DH","PK 28+450 DE LA ROUTE NATIONALE N° 9"
"Casablanca","WINXO SAMIR","‎ 14.8 DH","‎ 9.57 DH","ROUTE DE MOHAMMEDIA RS107 + PK6"
"Casablanca","SOFIA","‎ 14.8 DH","‎ 13.97 DH","BOUSKOURA"
"Casablanca","BOUSKOURA 2","‎ 11.96 DH","‎ 10.15 DH","ROUTE DE BOUSKOURA"
"Casablanca","S/S BASSARI  BOUSKOURA","‎ 14.83 DH","‎ 13.96 DH","SISE 0 LA RS N° 107- BOUSKOURA PROPRIETE DITE RAMEL LHLALA  "
"Casablanca","FEDALA","‎ 14.27 DH","‎ 13.97 DH","RP 1 PK 338+1 COMMUNE SIDI MOUSSA EL MAJDOUB"
"Casablanca","BEAUSITE","‎ 14.8 DH","‎ 13.71 DH","NOUASSEUR, COMMUNE BOUSKOURA"
"Casablanca","ERRAHMA","‎ 14.59 DH","‎ 14.15 DH","ROUTE AZEMMOUR PRÈS CENTRE ERRAHMA"
"Casablanca","ISTIRAHA ASWAK ASSALAM","‎ 14.71 DH","‎ 13.88 DH","AV HASSAN II  ASWAKASSALAM  MOHAMEDIA"
"Casablanca","BD HASSAN II","‎ 14.27 DH","‎ 13.6 DH","ANGLE BOULEVARD GRANDE CEINTURE ET HASSAN II MOHAMMEDIA"
"Casablanca","SOCIETE OULED HADJ LARBI - SARL","‎ 14.54 DH","‎ 14.69 DH","DOUAR LOUCHACHMA"
"Casablanca","PETROFAN S/S CENTRE SOUALEM","‎ 14.84 DH","‎ 13.97 DH","COMMUNE HAD SOUALEM- PROVINCE DE BERRECHID"
"Casablanca","FADILE GESTION S/S ARRAHMA","‎ 14.87 DH","‎ 14 DH","COMMUNE ARRAHMA DAR BOUAZZA -PROVINCE NOUACEUR"
"Casablanca","S/S SAPINO II","‎ 14.84 DH","‎ 13.97 DH","SAPINO LOT 1400, LOT 67- NOUACEUR"
"Casablanca","L ESCALE","‎ 14.81 DH","‎ 13.95 DH","BD HASSAN II, MOHAMMEDIA"
"Casablanca","STATION EL ALIA","‎ 14.71 DH","‎ 13.86 DH","QUARTIER EL ALIA"
"Casablanca","MOHAMEDIA","‎ 14.78 DH","‎ 13.95 DH","AVENUE HASSAN II, MOHAMMEDIA"
"Casablanca","MOHAMEDIA","‎ 14.78 DH","‎ 13.6 DH","MOHAMMEDIA"
"Casablanca","MOHAMEDIA","‎ 14.27 DH","‎ 13.95 DH","AVENUE HASSAN II, MOHAMMEDIA"
"Casablanca","MOHAMEDIA","‎ 14.27 DH","‎ 13.6 DH","MOHAMMEDIA"
"Casablanca","S/S BS GESTION NOUACEUR","‎ 14.84 DH","‎ 13.97 DH","AVENUE HASSAN II, MOHAMMEDIA"
"Casablanca","MAYSSANE","‎ 14.81 DH","‎ 13.98 DH","COMMUNE OULED SALEH, BOUSKOURA"
"Casablanca","WINXO SOCCO","‎ 14.8 DH","‎ 13.87 DH","BD MOHAMED V"
"Casablanca","MIRAMAR SS","‎ 14.77 DH","‎ 14.66 DH","ROND POINT HASSAN II"
"Casablanca","BENI YAKHLEF","‎ 14.78 DH","‎ 13.94 DH","ANGLE BOULEVARD MOULAY RCHID ET BOULEVARD RIAD - LOT AL FALAH"
"Casablanca","GARAGE EL ALIA","‎ 14.29 DH","‎ 13.94 DH","16 BOULVARD HASSAN II"
"Casablanca","DU PARC","‎ 14.79 DH","‎ 13.99 DH","RUE DE FEZ"
"Casablanca","AIN TEKKI","‎ 14.39 DH","‎ 14.13 DH","COMMUNE BENI YAKHLEF, PREFECTURE MOHAMMEDIA"
"Casablanca","S/S SIDI MOHAMED GUENOUNI","‎ 14.81 DH","‎ 13.94 DH","COMMUNE BENI YAKHLAF"
"Casablanca","DEROUA","‎ 14.81 DH","‎ 13.98 DH","DEROUA, LOTISSEMENT BAYTI SAKANE"
"Casablanca","DEROUA","‎ 14.81 DH","‎ 13.63 DH","RN 9 PK 35+800 COMMUNE DAROUA PROVINCE SETTAT"
"Casablanca","DEROUA","‎ 14.3 DH","‎ 13.98 DH","DEROUA, LOTISSEMENT BAYTI SAKANE"
"Casablanca","DEROUA","‎ 14.3 DH","‎ 13.63 DH","RN 9 PK 35+800 COMMUNE DAROUA PROVINCE SETTAT"
"Casablanca","S/S BOULEVARD SEBTA","‎ 14.78 DH","‎ 13.94 DH","BOULEVARD SEBTA -ALIA MOHAMMEDIA"
"Casablanca","RIAD AL KARIA","‎ 14.81 DH","‎ 13.73 DH","RP 3003 DOUAR OULED AZZOUZ  MUNICIPALITE DAR BOUAZZA  PROVINCE NOUACEUR"
"Casablanca","FEDALATE","‎ 14.39 DH","‎ 13.79 DH","JAMÂAT FEDALAT PROVINCE BEN SLIMAN"
"Casablanca","LOUIZIA","‎ 14.78 DH","‎ 13.93 DH","LOUIZIA ROUTE NATIONALE VERS MOHAMMEDIA"
"Casablanca","LOUIZIA","‎ 14.54 DH","‎ 13.93 DH","LOUIZIA ROUTE NATIONALE VERS MOHAMMEDIA"
"Casablanca","CPHM ESPACE ZENATA","‎ 9.48 DH","‎ 13.95 DH","39 RUE LES EUCALYPTUS"
"Casablanca","BENI YAKHLEF I","‎ 14.71 DH","‎ 8.12 DH","RP 1 CASA RABAT"
"Casablanca","AEROPORT MOHAMMED V","‎ 14.3 DH","‎ 13.88 DH","RTE NATIONALE N°1 BENI YAKHLEF "
"Casablanca","OUED EDDAHAB SS","‎ 14.87 DH","‎ 14.69 DH","ROUTE DE CASA, DAROUA"
"Casablanca","BEN MCHICH","‎ 14.48 DH","‎ 14.74 DH","DOUAR OULAD BEN OMAR CAIDAT OULAD ZIANE SUR LA ROUTE RP 3336"
"Casablanca","TAMARIS II","‎ 14.45 DH","‎ 14.1 DH","KM 10 - DAR BOUAZZA - ROUTE AZEMMOUR"
"Casablanca","S/S AL MADINA","‎ 14.83 DH","‎ 13.96 DH","DOUAR CHRAGUI COMMUNE RURALE KHIAYTA"
"Casablanca","S/S CARREFOUR","‎ 14.83 DH","‎ 13.96 DH","KM 14 ROUTE D'AZZEMOUR ROUTE COTIERE - DAR BOUAZZA"
"Casablanca","DAR BOUAZZA","‎ 14.59 DH","‎ 14.15 DH","RS 320 PK 12+200 DAR BOUAZZA PRÉFECTURE HAY HASSANI AIN CHOK"
"Casablanca","DAR BOUAZZA","‎ 14.59 DH","‎ 13.97 DH","PK 17 ROUTE D'AZEMMOUR DAR BOUAZZA, DAR BOUAZZA"
"Casablanca","DAR BOUAZZA","‎ 14.8 DH","‎ 14.15 DH","RS 320 PK 12+200 DAR BOUAZZA PRÉFECTURE HAY HASSANI AIN CHOK"
"Casablanca","DAR BOUAZZA","‎ 14.8 DH","‎ 13.97 DH","PK 17 ROUTE D'AZEMMOUR DAR BOUAZZA, DAR BOUAZZA"
"Casablanca","AL BASSATINE","‎ 14.88 DH","‎ 14 DH","PROVINCE BENSLIMANE, COMMUNE EL MANSOURIA, LOUTISSEMENT INDUSTRIEL. "
"Casablanca","LES IRIS","‎ 14.81 DH","‎ 13.98 DH","PROVINCE DE NOUACER C/R OULED AZZOUZ, DOUAR HARET EL GHABA"
"Casablanca","LAKHYAYTA","‎ 14.55 DH","‎ 13.97 DH","COMMUNE URBAINE ELMANSOURIA  DOUAR BENI AMER"
"Casablanca","LAKHYAYTA","‎ 14.55 DH","‎ 13.65 DH","DOUAR LAKHYAYTA SAHEL KM 25 CERCLE BERRECHID"
"Casablanca","LAKHYAYTA","‎ 14.31 DH","‎ 13.97 DH","COMMUNE URBAINE ELMANSOURIA  DOUAR BENI AMER"
"Casablanca","LAKHYAYTA","‎ 14.31 DH","‎ 13.65 DH","DOUAR LAKHYAYTA SAHEL KM 25 CERCLE BERRECHID"
"Casablanca","STATION PETROM LAKHYAYTA","‎ 14.3 DH","‎ 15.55 DH","RS 222 PK 53+500 PONT BLONDIN ROUTE CÔTIÈRE ENTRÉE DE MOHAMMEDIA"
"Casablanca","STATION EL MANSOURIA","‎ 16.66 DH","‎ 9.63 DH","PK 21 RN 8 ROUTE EL JADIDA LAKHYAYTA"
"Casablanca","JAKMA","‎ 10.96 DH","‎ 9.62 DH","CR KASSBAT BEN MCHICH , PROVINCE BERRECHID"
"Casablanca","STATION PETROM LAMII","‎ 14.77 DH","‎ 13.95 DH","RT 19 PK 27 COMMUNE OULED SALEH"
"Casablanca","AL MIZHARIA","‎ 14.79 DH","‎ 13.89 DH","RN9 DAROUA VERS BERRECHID   CR JAKMA  BERRECHID"
"Casablanca","WINXO UNIVERS AMINE","‎ 14.55 DH","‎ 13.62 DH","AR"
"Casablanca","STATION PETROM ROCAILLES","‎ 16.75 DH","‎ 13.98 DH","ROUTE MEDIOUNA, DEROUA"
"Casablanca"," MANSOURIA","‎ 14.44 DH","‎ 15.63 DH","RR 320  PK 15+150 RTE COTIERE AZEMMOUR DAR BOUAZZA"
"Casablanca","KASBAT BEN MCHICH","‎ 14.4 DH","‎ 13.7 DH","R.P N°3625 PK 12+250 COMMUNE RURALE KASBAT BEN MCHICH   PROVINCE BERRECHID"
"Casablanca","S/S FAJR","‎ 14.84 DH","‎ 13.97 DH","COMMUNE FDALETTE -BENSLIMANE"
"Casablanca","AGOURRAM","‎ 14.91 DH","‎ 14.09 DH","CR SOUALEM TRAIFIYA PR BERRECHID"
"Casablanca","STATION ZIZ OULED JERRAR","‎ 14.8 DH","‎ 13.9 DH","STATION ZIZ, R R 320 AU PK16+725 A DOUAR LARBAA OULAD JERRAR DAR BOUAZZA"
"Casablanca","HAD SOUALEM","‎ 14.81 DH","‎ 10.19 DH","ROUTE DE DAR BOUAZZA"
"Casablanca","HAD SOUALEM","‎ 14.81 DH","‎ 13.63 DH","COMMUNE OULED AZZOUZ - PROVINCE DE NOUACEUR"
"Casablanca","HAD SOUALEM","‎ 14.3 DH","‎ 10.19 DH","ROUTE DE DAR BOUAZZA"
"Casablanca","HAD SOUALEM","‎ 14.3 DH","‎ 13.63 DH","COMMUNE OULED AZZOUZ - PROVINCE DE NOUACEUR"
"Casablanca","BELAIR","‎ 14.81 DH","‎ 13.98 DH","LOT 128 LOTISSEMENT AL FADL HAD SOUALEM - SOUALEM"
"Casablanca"," SIDI BARKA","‎ 14.84 DH","‎ 14.18 DH","COMMUNE RURALE OULED YAHIA LOUTA, DOUAR LAAOUNAESS"
"Casablanca","TAMARIS 3","‎ 14.44 DH","‎ 14.07 DH","DOUAR LAAOUNESS, COMMUNE RURALE OULED YAHYA LOUTA, PROVINCE BENSLIMANE"
"Casablanca","FIRDAOUS","‎ 14.87 DH","‎ 13.98 DH","ROUTE NATIONAL CASA-HAD SOUALEM, HAD SOUALEM"
"Casablanca","STATION KASBAT CHAOUIA","‎ 16.66 DH","‎ 15.55 DH","RN 9 PK 45+4 MUNICIPALITE BERRECHID"
"Casablanca","S/S HIDAYA LAASSILATE ","‎ 14.84 DH","‎ 13.97 DH","COMMUNE SAHEL DOUAR LAASILATE "
"Casablanca","LAACILATE","‎ 14.3 DH","‎ 13.63 DH","RS 103 PK 22+000 COMMUNE RURALE LAKHYAYTA CERCLE DE BERRECHID PROVINCE DE SETTAT"
"Casablanca","BERRECHID 3","‎ 14.28 DH","‎ 13.59 DH","RS 114 KM 30 ROUTE DE BOUSEKOURA BERRECHID"
"Casablanca","WINXO BERRECHID","‎ 14.82 DH","‎ 13.93 DH","LOT ZOUBIDA RP 114-PK 34"
"Casablanca","BERRCHID 1","‎ 14.81 DH","‎ 13.98 DH","ROUTE DE BOUSSEKOURA, BERRECHID"
"Casablanca","BOUMAIZA","‎ 14.8 DH","‎ 13.99 DH","KM 9 ROUTE RÉGIONALE R318 SORTIE DE BERRECHID VERS HAD SOUALEM"
"Casablanca","TOUALAA","‎ 14.85 DH","‎ 13.95 DH","305, COMMUNE OULAD YAHYA "
"Casablanca","PETROFAN S/S DAR 16","‎ 14.84 DH","‎ 13.9 DH","ROUTE 18 PK 45+1 ROUTE EL GARA"
"Casablanca","SIDI RAHAL","‎ 14.74 DH","‎ 14.07 DH","CENTRE HAD SOUALEM"
"Casablanca","SIDI RAHAL","‎ 14.74 DH","‎ 13.98 DH","ROUTE NATIONALE N°1, ENTRÉE DE BOUZNIKA"
"Casablanca","SIDI RAHAL","‎ 14.81 DH","‎ 14.07 DH","CENTRE HAD SOUALEM"
"Casablanca","SIDI RAHAL","‎ 14.81 DH","‎ 13.98 DH","ROUTE NATIONALE N°1, ENTRÉE DE BOUZNIKA"
"Casablanca","S/S ESPACE KILMI","‎ 14.84 DH","‎ 13.97 DH","106, ROUTE OULED YAHIA OULED YAHIA LOUTA  "
"Casablanca","BENSLIMANE 1","‎ 14.3 DH","‎ 13.63 DH","R R N305 PK 27+200 CR OULED YAHYA LOUTA"
"Casablanca","SOUK TNINE","‎ 11.08 DH","‎ 13.58 DH","""BOULEVARD DU NOUVEAU SOUK 
BERRECHID"""
"Casablanca","S/PETROM ESPACE EL BASMA","‎ 14.32 DH","‎ 13.69 DH","ROUTE AIN SAEIRNI"
"Casablanca","ESPACE HIATI","‎ 14.78 DH","‎ 14.01 DH","HAD SOUALEM, HAD SOUALEM"
"Casablanca","BERRECHID 2","‎ 14.25 DH","‎ 13.58 DH","DOUAR BENI KARZAZ"
"Casablanca","ELHADI JAOUAD SS","‎ 14.62 DH","‎ 14.73 DH","RP 7 PK 43+000 BERRECHID "
"Casablanca","ALBOUSTANE","‎ 14.4 DH","‎ 13.73 DH","RP N° 36 PK 32+000 AUTOROUTE CASABLANCA VERS RABAT"
"Casablanca","AL JAZIRA","‎ 14.3 DH","‎ 13.98 DH","AUTO ROUTE CASA RABAT, BOUZNIKA"
"Casablanca","OULED HARRIZ","‎ 14.81 DH","‎ 13.99 DH","ZI ROUTE DE MARRAKECH"
"Casablanca","BERRECHID 4","‎ 14.3 DH","‎ 13.63 DH","ROUTE DE BERRECHID VERS SETTAT"
"Casablanca","2001 BERRECHID","‎ 14.56 DH","‎ 14.71 DH","ROUTE DE SETTAT"
"Casablanca","WINXO HAD SOUALEM","‎ 14.79 DH","‎ 13.9 DH","HAD SOUALEM"
"Casablanca","LAMBARKIYINE","‎ 14.72 DH","‎ 15.55 DH","""EMPRISE RP N° 13 PK 7 BERRECHID
 PROVINCE BERRECHID"""
"Casablanca","DAHOMEY","‎ 14.81 DH","‎ 13.98 DH","LOTISSEMENT BAHIA 1 - ROUTE CÔTIÈRE MOHAMMEDIA"
"Casablanca","STATION PETROM BEN SLIMAN","‎ 14.87 DH","‎ 14.04 DH","ROND POINT 11 X 16 HAY EL FATH"
"Casablanca","ISTIRAHA LAHRIZI","‎ 14.75 DH","‎ 13.9 DH","ROUTE SETTAT"
"Casablanca","STATION ZIZ BERRECHID","‎ 14.8 DH","‎ 13.9 DH","STATION ZIZ, ZONE INDUSTRIEL BERRECHID ROUTE NATIONALE 9 (VERS SETTAT)"
"Casablanca","BENSLIMANE","‎ 14.44 DH","‎ 14.06 DH","CENTRE BENSLIMANE"
"Casablanca","BENSLIMANE","‎ 14.44 DH","‎ 14.01 DH","COMMUNE ZYAYDA PK2+400 BEN SLIMANE"
"Casablanca","BENSLIMANE","‎ 14.15 DH","‎ 14.06 DH","CENTRE BENSLIMANE"
"Casablanca","BENSLIMANE","‎ 14.15 DH","‎ 14.01 DH","COMMUNE ZYAYDA PK2+400 BEN SLIMANE"
"Casablanca","EL GARA","‎ 14.81 DH","‎ 13.98 DH","COMMUNE FEDALAT BEN SLIMANE, PROVINCE DE BEN SLIMANE"
"Casablanca","GARAGE BENSLIMANE","‎ 14.89 DH","‎ 14.06 DH","CENTRE BENSLIMANE"
"Casablanca","WINXO BENSLIMANE","‎ 9.49 DH","‎ 8.3 DH","AVENUE HASSAN II "
"Casablanca","WINXO JACMA","‎ 14.8 DH","‎ 13.98 DH","RN 1 PK 315+050 BOUZNIKA VERS CASA"
"Casablanca","OCÉAN","‎ 14.4 DH","‎ 13.73 DH","AUTOROUTE DE SETTAT VERS BERRECHID  "
"Casablanca","SOGEFAM S/S ALIA ( KM 36)","‎ 14.3 DH","‎ 13.97 DH","LOTISSEMENT ALIA II COMMUNE HAD SOUALEM PROVINCE DE BERRECHID"
"Casablanca","RELAIS CHAOUIA","‎ 14.87 DH","‎ 14.04 DH","CASABLANCA VERS MARRAKECH, PK 35"
"Casablanca","STATION PETROM NZAHA","‎ 14.81 DH","‎ 13.95 DH","RP 1 PK 200+313 MUNICIPALITE DE BOUZNIKA"
"Casablanca"," BOUZNIKA","‎ 14.45 DH","‎ 14.19 DH","COMMUNE URBAINE BOUZNIKA, PROVINCE BENSLIMANE"
"Casablanca","S/S AUTOROUTE BERRECHID","‎ 15.08 DH","‎ 14.07 DH","AUTOROUTE KHOURIBGA -BERRECHID SITUE P.K 15 COMMUNE LAMBARKIYINE "
"Casablanca","AIRE DE REPOS BERRECHID","‎ 14.32 DH","‎ 14.56 DH","PK15 AUTOROUTE CASA-BENIMELLAL"
"Casablanca","STATION ZIZ MELLILA","‎ 14.8 DH","‎ 13.9 DH","STATION ZIZ, CT N° 1054 A JEMA MELLILA PROVINCE DE BENSLIMANE"
"Casablanca","GARA 2","‎ 14.4 DH","‎ 13.69 DH","RS 117 PK 2500 BOUZNIKA"
"Casablanca"," BERRECHID","‎ 14.44 DH","‎ 13.63 DH"," ENTRÉE EL GARA"
"Casablanca","ZI BERRECHID","‎ 14.39 DH","‎ 14.59 DH","COMMUNE RURALE SIDI EL MEKKI, PROVINCE BERRECHID"
"Casablanca","STATION PETROM BOUZNIKA","‎ 14.89 DH","‎ 13.96 DH","AVENUE HASSAN II"
"Casablanca","WINXO EL GARA","‎ 14.9 DH","‎ 13.91 DH","RTE 1007 DE BEN SLIMANE RUE DES C "
"Casablanca","GARA 3","‎ 14.3 DH","‎ 13.63 DH","ROUTE BEN AHMED CENTRE EL GARA"
"Casablanca","GARA 1","‎ 14.3 DH","‎ 13.63 DH","ROND POINT PRINCIPAL CENTRE VILLE - GARA"
"Casablanca","GARA","‎ 9.44 DH","‎ 8.6 DH","ROUTE DE BEN AHMED, EL GARA"
"Casablanca","BENSLIMANE 2","‎ 14.3 DH","‎ 13.63 DH","RN N°1 PK203+402 COMMUNE ESAHEL OULED HRIZ BERRECHID"
"Casablanca","STATION ZIZ SIDI KACEM ZEMMAL","‎ 14.8 DH","‎ 13.9 DH","STATION ZIZ, RP N° 3610 SIDI KACEM ZEMMAL PROVINCE BERRCHID"
"Casablanca","BENMOUSSA","‎ 14.87 DH","‎ 13.99 DH","OULED LAHCEN DKHAKHNA COMMUNE JEMAA RIAH"
"Casablanca","S/S PETROMIN LA FERME DE BENSLIMANE","‎ 14.84 DH","‎ 13.97 DH","ROUTE REGIONALE N°404 PK 050+131 COMMUNE ZIAIDA PROVINCE DE BENSLIMANE"
"Casablanca","BOUFERROUJ","‎ 14.82 DH","‎ 13.99 DH","RTE SETTAT BOUFAROUJ CENTRE - BOUFARROUJ, BOUFARROUJ"
"Casablanca","BIR JDID 2","‎ 14.87 DH","‎ 11.9 DH","RP N° 8 PK 4 BIR JDID"
